{"cameraMode":{"drawMode":0,"name":"Shaded","section":"Shading Mode"},"sceneLighting":true,"audioPlay":false,"sceneViewState":{"showFog":true,"showMaterialUpdate":false,"showSkybox":true,"showFlares":true,"showImageEffects":true,"showParticleSystems":true},"in2DMode":false,"pivot":{"x":5.960464477539063e-8,"y":2.1500000953674318,"z":3.5199999809265138},"rotation":{"x":-0.03866072744131088,"y":0.1794809103012085,"z":-0.0070586008951067928,"w":-0.9829826951026917},"size":9.433146476745606,"orthographic":false}