{"cameraMode":{"drawMode":0,"name":"Shaded","section":"Shading Mode"},"sceneLighting":false,"audioPlay":false,"sceneViewState":{"showFog":true,"showMaterialUpdate":false,"showSkybox":false,"showFlares":true,"showImageEffects":true,"showParticleSystems":true},"in2DMode":false,"pivot":{"x":1.5729999542236329,"y":2.3461999893188478,"z":3.5199999809265138},"rotation":{"x":-0.09756128489971161,"y":0.17726603150367738,"z":-0.017662107944488527,"w":-0.9791622757911682},"size":7.381167888641357,"orthographic":false}